"recordId","scenarioExternalKey","lineageGroupId","context","response","contributorId","contributorLabel","reviewStatus","split","receivedAt"
"sub_1","SUP-01","SUP-01","I was charged twice for my monthly subscription. Please refund the duplicate charge.","{""kind"":""single_choice"",""value"":""billing"",""other"":null}","592992980899cd602e54528f4f6b0f94","","finalized","train","2026-10-02T07:19:20.060Z"
"sub_2","SUP-02","SUP-02","The dashboard stays blank after I sign in, even after refreshing the page.","{""kind"":""single_choice"",""value"":""technical"",""other"":null}","592992980899cd602e54528f4f6b0f94","","finalized","dev","2026-10-02T07:19:20.067Z"
"sub_3","SUP-03","SUP-03","Could you add a dark mode to the dashboard?","{""kind"":""single_choice"",""value"":""feature"",""other"":null}","592992980899cd602e54528f4f6b0f94","","finalized","train","2026-10-02T07:19:20.073Z"
"sub_4","SUP-04","SUP-04","What time does your support team open on Saturdays?","{""kind"":""single_choice"",""value"":""other"",""other"":null}","592992980899cd602e54528f4f6b0f94","","finalized","train","2026-10-02T07:19:20.076Z"
"sub_5","SUP-05","SUP-05","Please change the company address printed on my next invoice.","{""kind"":""single_choice"",""value"":""billing"",""other"":null}","592992980899cd602e54528f4f6b0f94","","finalized","dev","2026-10-02T07:19:20.081Z"
"sub_6","SUP-06","SUP-06","Exporting a report produces an empty file even though the report has rows.","{""kind"":""single_choice"",""value"":""technical"",""other"":null}","592992980899cd602e54528f4f6b0f94","","finalized","train","2026-10-02T07:19:20.083Z"
"sub_7","SUP-07","SUP-07","There is no option to schedule reports. Could you add a weekly email delivery setting?","{""kind"":""single_choice"",""value"":""technical"",""other"":null}","592992980899cd602e54528f4f6b0f94","","finalized","train","2026-10-02T07:19:20.087Z"
"sub_8","SUP-08","SUP-08","The amount looks wrong and the page is broken. Can someone help?","{""kind"":""single_choice"",""value"":""billing"",""other"":null}","592992980899cd602e54528f4f6b0f94","","unresolved","train","2026-10-02T07:19:20.089Z"
"sub_9","SUP-09","SUP-09","The existing search button stops responding whenever I click it.","{""kind"":""single_choice"",""value"":""billing"",""other"":null}","592992980899cd602e54528f4f6b0f94","","unresolved","train","2026-10-02T07:19:20.092Z"
"sub_10","SUP-10","SUP-10","Could you add French as an interface language?","{""kind"":""single_choice"",""value"":""feature"",""other"":null}","592992980899cd602e54528f4f6b0f94","","unreviewed","train","2026-10-02T07:19:20.099Z"
